ID	title	url
4	On the Effect of Auxiliary Tasks on Representation Dynamics	http://proceedings.mlr.press/v130/lyle21a.html
6	LassoNet: Neural Networks with Feature Sparsity	http://proceedings.mlr.press/v130/lemhadri21a.html
7	Projection-Free Optimization on Uniformly Convex Sets	http://proceedings.mlr.press/v130/kerdreux21a.html
8	Differentiable Greedy Algorithm for Monotone Submodular Maximization: Guarantees, Gradient Estimators, and Applications	http://proceedings.mlr.press/v130/sakaue21a.html
12	Graphical Normalizing Flows	http://proceedings.mlr.press/v130/wehenkel21a.html
14	One-Round Communication Efficient Distributed M-Estimation	http://proceedings.mlr.press/v130/bao21a.html
16	CWY Parametrization: a Solution for Parallelized Optimization of Orthogonal and Stiefel Matrices	http://proceedings.mlr.press/v130/likhosherstov21a.html
19	Regularized Policies are Reward Robust	http://proceedings.mlr.press/v130/husain21a.html
27	Semi-Supervised Learning with Meta-Gradient	http://proceedings.mlr.press/v130/xiao21a.html
39	On Information Gain and Regret Bounds in Gaussian Process Bandits	http://proceedings.mlr.press/v130/vakili21a.html
41	On the proliferation of support vectors in high dimensions	http://proceedings.mlr.press/v130/hsu21a.html
44	Continual Learning using a Bayesian Nonparametric Dictionary of Weight Factors	http://proceedings.mlr.press/v130/mehta21a.html
50	A Fast and Robust Method for Global Topological Functional Optimization	http://proceedings.mlr.press/v130/solomon21a.html
62	Regression Discontinuity Design under Self-selection	http://proceedings.mlr.press/v130/peng21a.html
63	Decision Making Problems with Funnel Structure: A Multi-Task Learning Approach with Application to Email Marketing Campaigns	http://proceedings.mlr.press/v130/xu21a.html
66	When OT meets MoM: Robust estimation of Wasserstein Distance	http://proceedings.mlr.press/v130/staerman21a.html
68	Learning Individually Fair Classifier with Path-Specific Causal-Effect Constraint	http://proceedings.mlr.press/v130/chikahara21a.html
70	Unconstrained MAP Inference, Exponentiated Determinantal Point Processes, and Exponential Inapproximability	http://proceedings.mlr.press/v130/ohsaka21a.html
71	False Discovery Rates in Biological Networks	http://proceedings.mlr.press/v130/yu21a.html
73	Fourier Bases for Solving Permutation Puzzles	http://proceedings.mlr.press/v130/pan21a.html
76	Accelerating Metropolis-Hastings with Lightweight Inference Compilation	http://proceedings.mlr.press/v130/liang21a.html
77	Simultaneously Reconciled Quantile Forecasting of Hierarchically Related Time Series	http://proceedings.mlr.press/v130/han21a.html
78	Fully Gap-Dependent Bounds for Multinomial Logit Bandit	http://proceedings.mlr.press/v130/yang21a.html
82	Alternating Direction Method of Multipliers for Quantization	http://proceedings.mlr.press/v130/huang21a.html
101	Online Forgetting Process for Linear Regression Models	http://proceedings.mlr.press/v130/li21a.html
103	A Bayesian nonparametric approach to count-min sketch under power-law data streams	http://proceedings.mlr.press/v130/dolera21a.html
104	Nonlinear Functional Output Regression: A Dictionary Approach	http://proceedings.mlr.press/v130/bouche21a.html
108	When MAML Can Adapt Fast and How to Assist When It Cannot	http://proceedings.mlr.press/v130/arnold21a.html
111	Learning Smooth and Fair Representations	http://proceedings.mlr.press/v130/gitiaux21a.html
114	On Projection Robust Optimal Transport: Sample Complexity and Model Misspecification	http://proceedings.mlr.press/v130/lin21a.html
115	Contextual Blocking Bandits	http://proceedings.mlr.press/v130/basu21a.html
120	Kernel Distributionally Robust Optimization: Generalized Duality Theorem and Stochastic Approximation	http://proceedings.mlr.press/v130/zhu21a.html
123	A comparative study on sampling with replacement vs Poisson sampling in optimal subsampling	http://proceedings.mlr.press/v130/wang21a.html
135	Robust Imitation Learning from Noisy Demonstrations	http://proceedings.mlr.press/v130/tangkaratt21a.html
141	Online Active Model Selection for Pre-trained Classifiers	http://proceedings.mlr.press/v130/karimi21a.html
147	Online Sparse Reinforcement Learning	http://proceedings.mlr.press/v130/hao21a.html
157	A Contraction Approach to Model-based Reinforcement Learning	http://proceedings.mlr.press/v130/fan21a.html
158	The Spectrum of Fisher Information of Deep Networks Achieving Dynamical Isometry	http://proceedings.mlr.press/v130/hayase21a.html
160	Benchmarking Simulation-Based Inference	http://proceedings.mlr.press/v130/lueckmann21a.html
161	Fisher Auto-Encoders	http://proceedings.mlr.press/v130/elkhalil21a.html
164	Deep Spectral Ranking	http://proceedings.mlr.press/v130/yildiz21a.html
168	Tight Regret Bounds for Infinite-armed Linear Contextual Bandits	http://proceedings.mlr.press/v130/li21b.html
171	On the Absence of Spurious Local Minima in Nonlinear Low-Rank Matrix Recovery Problems	http://proceedings.mlr.press/v130/bi21a.html
175	Fast Learning in Reproducing Kernel Krein Spaces via Signed Measures	http://proceedings.mlr.press/v130/liu21a.html
184	Approximate Message Passing with Spectral Initialization for Generalized Linear Models	http://proceedings.mlr.press/v130/mondelli21a.html
185	Active Learning with Maximum Margin Sparse Gaussian Processes	http://proceedings.mlr.press/v130/shi21a.html
187	A Stein Goodness-of-test for Exponential Random Graph Models	http://proceedings.mlr.press/v130/xu21b.html
190	The Sample Complexity of Level Set Approximation	http://proceedings.mlr.press/v130/bachoc21a.html
193	Curriculum Learning by Optimizing Learning Dynamics	http://proceedings.mlr.press/v130/zhou21a.html
194	Approximating Lipschitz continuous functions with GroupSort neural networks	http://proceedings.mlr.press/v130/tanielian21a.html
197	Learning GPLVM with arbitrary kernels using the unscented transformation	http://proceedings.mlr.press/v130/souza21a.html
201	Low-Rank Generalized Linear Bandit Problems	http://proceedings.mlr.press/v130/lu21a.html
208	On the convergence of the Metropolis algorithm with fixed-order updates for multivariate binary probability distributions	http://proceedings.mlr.press/v130/brugge21a.html
214	Learning Partially Known Stochastic Dynamics with Empirical PAC Bayes	http://proceedings.mlr.press/v130/haussmann21a.html
218	SONIA: A Symmetric Blockwise Truncated Optimization Algorithm	http://proceedings.mlr.press/v130/jahani21a.html
221	Predictive Power of Nearest Neighbors Algorithm under Random Perturbation	http://proceedings.mlr.press/v130/xing21a.html
222	On the Generalization Properties of Adversarial Training	http://proceedings.mlr.press/v130/xing21b.html
223	Adversarially Robust Estimate and Risk Analysis in Linear Regression	http://proceedings.mlr.press/v130/xing21c.html
233	Adaptive Approximate Policy Iteration	http://proceedings.mlr.press/v130/hao21b.html
238	Nearest Neighbour Based Estimates of Gradients: Sharp Nonasymptotic Bounds and Applications	http://proceedings.mlr.press/v130/ausset21a.html
244	Foundations of Bayesian Learning from Synthetic Data	http://proceedings.mlr.press/v130/wilde21a.html
246	Generalization of Quasi-Newton Methods: Application to Robust Symmetric Multisecant Updates	http://proceedings.mlr.press/v130/scieur21a.html
250	Hierarchical Clustering via Sketches and Hierarchical Correlation Clustering	http://proceedings.mlr.press/v130/vainstein21a.html
252	Generalization Bounds for Stochastic Saddle Point Problems	http://proceedings.mlr.press/v130/zhang21a.html
254	Learning to Defend by Learning to Attack	http://proceedings.mlr.press/v130/jiang21a.html
257	A Deterministic Streaming Sketch for Ridge Regression	http://proceedings.mlr.press/v130/shi21b.html
259	Deep Probabilistic Accelerated Evaluation: A Robust Certifiable Rare-Event Simulation Methodology for Black-Box Safety-Critical Systems	http://proceedings.mlr.press/v130/arief21a.html
260	On the role of data in PAC-Bayes	http://proceedings.mlr.press/v130/dziugaite21a.html
264	CADA: Communication-Adaptive Distributed Adam	http://proceedings.mlr.press/v130/chen21a.html
267	Bandit algorithms: Letting go of logarithmic regret for statistical robustness	http://proceedings.mlr.press/v130/ashutosh21a.html
271	Geometrically Enriched Latent Spaces	http://proceedings.mlr.press/v130/arvanitidis21a.html
272	Confident Off-Policy Evaluation and Selection through Self-Normalized Importance Weighting	http://proceedings.mlr.press/v130/kuzborskij21a.html
274	Kernel regression in high dimensions: Refined analysis beyond double descent	http://proceedings.mlr.press/v130/liu21b.html
-1	Self-Concordant Analysis of Generalized Linear Bandits with Forgetting	http://proceedings.mlr.press/v130/russac21a.html
284	Logical Team Q-learning: An approach towards factored policies in cooperative MARL	http://proceedings.mlr.press/v130/cassano21a.html
290	Automatic structured variational inference	http://proceedings.mlr.press/v130/ambrogioni21a.html
292	Neural Enhanced Belief Propagation on Factor Graphs	http://proceedings.mlr.press/v130/satorras21a.html
294	Predictive Complexity Priors	http://proceedings.mlr.press/v130/nalisnick21a.html
302	Improving predictions of Bayesian neural nets via local linearization	http://proceedings.mlr.press/v130/immer21a.html
304	Generalized Spectral Clustering via Gromov-Wasserstein Learning	http://proceedings.mlr.press/v130/chowdhury21a.html
309	Shapley Flow: A Graph-based Approach to Interpreting Model Predictions	http://proceedings.mlr.press/v130/wang21b.html
311	Scalable Constrained Bayesian Optimization	http://proceedings.mlr.press/v130/eriksson21a.html
312	Sample efficient learning of image-based diagnostic classifiers via probabilistic labels	http://proceedings.mlr.press/v130/vega21a.html
317	Nonparametric Variable Screening with Optimal Decision Stumps	http://proceedings.mlr.press/v130/klusowski21a.html
319	Sharp Analysis of a Simple Model for Random Forests	http://proceedings.mlr.press/v130/klusowski21b.html
321	Nested Barycentric Coordinate System as an Explicit Feature Map	http://proceedings.mlr.press/v130/gottlieb21a.html
327	An Analysis of the Adaptation Speed of Causal Models	http://proceedings.mlr.press/v130/priol21a.html
332	Learning Fair Scoring Functions: Bipartite Ranking under ROC-based Fairness Constraints	http://proceedings.mlr.press/v130/vogel21a.html
339	Efficient Computation and Analysis of Distributional Shapley Values	http://proceedings.mlr.press/v130/kwon21a.html
344	A constrained risk inequality for general losses	http://proceedings.mlr.press/v130/duchi21a.html
349	Sample Complexity Bounds for Two Timescale Value-based Reinforcement Learning Algorithms	http://proceedings.mlr.press/v130/xu21c.html
351	Learning Prediction Intervals for Regression: Generalization and Calibration	http://proceedings.mlr.press/v130/chen21b.html
355	Regularization Matters: A Nonparametric Perspective on Overparametrized Neural Network	http://proceedings.mlr.press/v130/hu21a.html
357	Revisiting Model-Agnostic Private Learning: Faster Rates and Active Learning	http://proceedings.mlr.press/v130/liu21c.html
358	Multi-Fidelity High-Order Gaussian Processes for Physical Simulation	http://proceedings.mlr.press/v130/wang21c.html
366	Deep Fourier Kernel for Self-Attentive Point Processes	http://proceedings.mlr.press/v130/zhu21b.html
370	Robustness and scalability under heavy tails, without strong convexity	http://proceedings.mlr.press/v130/holland21a.html
372	Understanding the wiring evolution in differentiable neural architecture search	http://proceedings.mlr.press/v130/xie21a.html
376	Provable Hierarchical Imitation Learning via EM	http://proceedings.mlr.press/v130/zhang21b.html
378	Learning with risk-averse feedback under potentially heavy tails	http://proceedings.mlr.press/v130/holland21b.html
379	Parametric Programming Approach for More Powerful and General Lasso Selective Inference	http://proceedings.mlr.press/v130/duy21a.html
383	On the High Accuracy Limitation of Adaptive Property Estimation	http://proceedings.mlr.press/v130/han21b.html
384	Neural Function Modules with Sparse Arguments: A Dynamic Approach to Integrating Information across Layers	http://proceedings.mlr.press/v130/lamb21a.html
391	Learning-to-Rank with Partitioned Preference: Fast Estimation for the Plackett-Luce Model	http://proceedings.mlr.press/v130/ma21a.html
397	Interpretable Random Forests via Rule Extraction	http://proceedings.mlr.press/v130/benard21a.html
398	Regret Minimization for Causal Inference on Large Treatment Space	http://proceedings.mlr.press/v130/tanimoto21a.html
400	Bayesian Model Averaging for Causality Estimation and its Approximation based on Gaussian Scale Mixture Distributions	http://proceedings.mlr.press/v130/horii21a.html
-1	Adaptive Sampling for Fast Constrained Maximization of Submodular Functions	http://proceedings.mlr.press/v130/quinzan21a.html
416	Mean-Variance Analysis in Bayesian Optimization under Uncertainty	http://proceedings.mlr.press/v130/iwazaki21a.html
419	Hadamard Wirtinger Flow for Sparse Phase Retrieval	http://proceedings.mlr.press/v130/wu21a.html
420	Stochastic Linear Bandits Robust to Adversarial Attacks	http://proceedings.mlr.press/v130/bogunovic21a.html
423	ATOL: Measure Vectorization for Automatic Topologically-Oriented Learning	http://proceedings.mlr.press/v130/royer21a.html
425	Optimizing Percentile Criterion using Robust MDPs	http://proceedings.mlr.press/v130/behzadian21a.html
426	On Riemannian Stochastic Approximation Schemes with Fixed Step-Size	http://proceedings.mlr.press/v130/durmus21a.html
431	Optimal Quantisation of Probability Measures Using Maximum Mean Discrepancy	http://proceedings.mlr.press/v130/teymur21a.html
434	Aligning Time Series on Incomparable Spaces	http://proceedings.mlr.press/v130/cohen21a.html
439	The Unexpected Deterministic and Universal Behavior of Large Softmax Classifiers	http://proceedings.mlr.press/v130/seddik21a.html
441	Measure Transport with Kernel Stein Discrepancy	http://proceedings.mlr.press/v130/fisher21a.html
442	Unifying Clustered and Non-stationary Bandits	http://proceedings.mlr.press/v130/li21c.html
444	A Theoretical Analysis of Catastrophic Forgetting through the NTK Overlap Matrix	http://proceedings.mlr.press/v130/doan21a.html
456	Transforming  Gaussian Processes With Normalizing Flows	http://proceedings.mlr.press/v130/maronas21a.html
457	Linearly Constrained Gaussian Processes with Boundary Conditions	http://proceedings.mlr.press/v130/lange-hegermann21a.html
459	Noise Contrastive Meta-Learning for Conditional Density Estimation using Kernel Mean Embeddings	http://proceedings.mlr.press/v130/ton21a.html
461	Top-m identification for linear bandits	http://proceedings.mlr.press/v130/reda21a.html
463	When Will Generative Adversarial Imitation Learning Algorithms Attain Global Convergence	http://proceedings.mlr.press/v130/guan21a.html
475	Online k-means Clustering	http://proceedings.mlr.press/v130/cohen-addad21a.html
476	Consistent k-Median: Simpler, Better and Robust	http://proceedings.mlr.press/v130/guo21a.html
478	Algorithms for Fairness in Sequential Decision Making	http://proceedings.mlr.press/v130/wen21a.html
481	On Learning Continuous Pairwise Markov Random Fields	http://proceedings.mlr.press/v130/shah21a.html
483	Abstract Value Iteration for Hierarchical Reinforcement Learning	http://proceedings.mlr.press/v130/jothimurugan21a.html
488	Differentially Private Analysis on Graph Streams	http://proceedings.mlr.press/v130/upadhyay21a.html
494	Learning with Hyperspherical Uniformity	http://proceedings.mlr.press/v130/liu21d.html
497	Finding First-Order Nash Equilibria of Zero-Sum Games with the Regularized Nikaido-Isoda Function	http://proceedings.mlr.press/v130/tsaknakis21a.html
500	Latent Derivative Bayesian Last Layer Networks	http://proceedings.mlr.press/v130/watson21a.html
504	Hogwild! over Distributed Local Data Sets with Linearly Increasing Mini-Batch Sizes	http://proceedings.mlr.press/v130/nguyen21a.html
505	Provably Safe PAC-MDP Exploration Using Analogies	http://proceedings.mlr.press/v130/roderick21a.html
506	Maximal Couplings of the Metropolis-Hastings Algorithm	http://proceedings.mlr.press/v130/wang21d.html
511	Gaming Helps! Learning from Strategic Interactions in Natural Dynamics	http://proceedings.mlr.press/v130/bechavod21a.html
513	Goodness-of-Fit Test for Mismatched Self-Exciting Processes	http://proceedings.mlr.press/v130/wei21a.html
518	Dominate or Delete: Decentralized Competing Bandits in Serial Dictatorship	http://proceedings.mlr.press/v130/sankararaman21a.html
522	A Study of Condition Numbers for First-Order Optimization	http://proceedings.mlr.press/v130/guille-escuret21a.html
523	Linear Regression Games: Convergence Guarantees to Approximate Out-of-Distribution Solutions	http://proceedings.mlr.press/v130/ahuja21a.html
525	Differentially Private Online Submodular Maximization	http://proceedings.mlr.press/v130/salazar21a.html
527	Anderson acceleration of coordinate descent	http://proceedings.mlr.press/v130/bertrand21a.html
529	Inference in Stochastic Epidemic Models via Multinomial Approximations	http://proceedings.mlr.press/v130/whiteley21a.html
533	Stochastic Polyak Step-size for SGD: An Adaptive Learning Rate for Fast Convergence	http://proceedings.mlr.press/v130/loizou21a.html
534	SGD for Structured Nonconvex Functions: Learning Rates, Minibatching and Interpolation	http://proceedings.mlr.press/v130/gower21a.html
542	Stable ResNet	http://proceedings.mlr.press/v130/hayou21a.html
546	Latent variable modeling with random features	http://proceedings.mlr.press/v130/gundersen21a.html
547	Reaping the Benefits of Bundling under High Production Costs	http://proceedings.mlr.press/v130/ma21b.html
549	Momentum Improves Optimization on Riemannian Manifolds	http://proceedings.mlr.press/v130/alimisis21a.html
553	Quick Streaming Algorithms for Maximization of Monotone Submodular Functions in Linear Time	http://proceedings.mlr.press/v130/kuhnle21a.html
558	On Data Efficiency of Meta-learning	http://proceedings.mlr.press/v130/al-shedivat21a.html
559	Hyperparameter Transfer Learning with Adaptive Complexity	http://proceedings.mlr.press/v130/horvath21a.html
-1	Local Stochastic Gradient Descent Ascent: Convergence Analysis and Communication Efficiency	http://proceedings.mlr.press/v130/deng21a.html
562	Problem-Complexity Adaptive Model Selection for Stochastic Linear Bandits	http://proceedings.mlr.press/v130/ghosh21a.html
564	On the Minimax Optimality of the EM Algorithm for Learning Two-Component Mixed Linear Regression	http://proceedings.mlr.press/v130/kwon21b.html
568	Amortized Bayesian Prototype Meta-learning: A New Probabilistic Meta-learning Approach to Few-shot Image Classification	http://proceedings.mlr.press/v130/sun21a.html
571	Tractable contextual bandits beyond realizability	http://proceedings.mlr.press/v130/krishnamurthy21a.html
574	Learning User Preferences in Non-Stationary Environments	http://proceedings.mlr.press/v130/huleihel21a.html
575	Last iterate convergence in no-regret learning: constrained min-max optimization for convex-concave landscapes	http://proceedings.mlr.press/v130/lei21a.html
577	Efficient Statistics for Sparse Graphical Models from Truncated Samples	http://proceedings.mlr.press/v130/bhattacharyya21a.html
580	Have We Learned to Explain?: How Interpretability Methods Can Learn to Encode Predictions in their Interpretations.	http://proceedings.mlr.press/v130/jethani21a.html
583	Feedback Coding for Active Learning	http://proceedings.mlr.press/v130/canal21a.html
599	Shadow Manifold Hamiltonian Monte Carlo	http://proceedings.mlr.press/v130/heide21a.html
604	Towards Understanding the Behaviors of Optimal Deep Active Learning Algorithms	http://proceedings.mlr.press/v130/zhou21b.html
612	Identification of Matrix Joint Block Diagonalization	http://proceedings.mlr.press/v130/cai21a.html
613	Understanding Gradient Clipping In Incremental Gradient Methods	http://proceedings.mlr.press/v130/qian21a.html
615	A Variational Information Bottleneck Approach to Multi-Omics Data Integration	http://proceedings.mlr.press/v130/lee21a.html
621	On the Privacy Properties of GAN-generated Samples	http://proceedings.mlr.press/v130/lin21b.html
624	Multitask Bandit Learning Through Heterogeneous Feedback Aggregation	http://proceedings.mlr.press/v130/wang21e.html
626	Learning Complexity of Simulated Annealing	http://proceedings.mlr.press/v130/blum21a.html
628	Independent Innovation Analysis for Nonlinear Vector Autoregressive Process	http://proceedings.mlr.press/v130/morioka21a.html
629	Robust Mean Estimation on Highly Incomplete Data with Arbitrary Outliers	http://proceedings.mlr.press/v130/hu21b.html
643	Near-Optimal Provable Uniform Convergence in Offline Policy Evaluation for Reinforcement Learning	http://proceedings.mlr.press/v130/yin21a.html
647	Q-learning with Logarithmic Regret	http://proceedings.mlr.press/v130/yang21b.html
648	An Efficient Algorithm For Generalized Linear Bandit: Online Stochastic Gradient Descent and Thompson Sampling	http://proceedings.mlr.press/v130/ding21e.html
654	Communication Efficient Primal-Dual Algorithm for Nonconvex Nonsmooth Distributed Optimization	http://proceedings.mlr.press/v130/chen21c.html
657	Robust and Private Learning of Halfspaces	http://proceedings.mlr.press/v130/ghazi21a.html
658	Minimax Model Learning	http://proceedings.mlr.press/v130/voloshin21a.html
660	On the Faster Alternating Least-Squares for CCA	http://proceedings.mlr.press/v130/xu21d.html
663	Exploiting Equality Constraints in Causal Inference	http://proceedings.mlr.press/v130/zhang21c.html
664	Collaborative Classification from Noisy Labels	http://proceedings.mlr.press/v130/maystre21a.html
669	Fenchel-Young Losses with Skewed Entropies for Class-posterior Probability Estimation	http://proceedings.mlr.press/v130/bao21b.html
681	Maximizing Agreements for Ranking, Clustering and Hierarchical Clustering via MAX-CUT	http://proceedings.mlr.press/v130/chatziafratis21a.html
684	Why did the distribution change?	http://proceedings.mlr.press/v130/budhathoki21a.html
688	Non-Volume Preserving Hamiltonian Monte Carlo and No-U-TurnSamplers	http://proceedings.mlr.press/v130/afshar21a.html
689	Iterative regularization for convex regularizers	http://proceedings.mlr.press/v130/molinari21a.html
690	Competing AI: How does competition feedback affect machine learning?	http://proceedings.mlr.press/v130/ginart21a.html
698	Stability and Risk Bounds of Iterative Hard Thresholding	http://proceedings.mlr.press/v130/yuan21a.html
699	Novel Change of Measure Inequalities with Applications to PAC-Bayesian Bounds  and Monte Carlo Estimation	http://proceedings.mlr.press/v130/ohnishi21a.html
703	On the Convergence of Gradient Descent in GANs:  MMD GAN As a Gradient Flow	http://proceedings.mlr.press/v130/mroueh21a.html
707	Wasserstein Random Forests and Applications in Heterogeneous Treatment Effects	http://proceedings.mlr.press/v130/du21a.html
716	Improved Complexity Bounds in Wasserstein Barycenter Problem	http://proceedings.mlr.press/v130/dvinskikh21a.html
724	Sparse Algorithms for Markovian Gaussian Processes	http://proceedings.mlr.press/v130/wilkinson21a.html
726	Generating Interpretable Counterfactual Explanations By Implicit Minimisation of Epistemic and Aleatoric Uncertainties	http://proceedings.mlr.press/v130/schut21a.html
729	Deep Neural Networks Are Congestion Games: From Loss Landscape to Wardrop Equilibrium and Beyond	http://proceedings.mlr.press/v130/vesseron21a.html
731	All of the Fairness for Edge Prediction with Optimal Transport	http://proceedings.mlr.press/v130/laclau21a.html
733	γ-ABC: Outlier-Robust Approximate Bayesian Computation Based on a Robust Divergence Estimator	http://proceedings.mlr.press/v130/fujisawa21a.html
734	Understanding and Mitigating Exploding Inverses in Invertible Neural Networks	http://proceedings.mlr.press/v130/behrmann21a.html
736	Online probabilistic label trees	http://proceedings.mlr.press/v130/wydmuch21a.html
739	Nonparametric Estimation of Heterogeneous Treatment Effects: From Theory to Learning Algorithms	http://proceedings.mlr.press/v130/curth21a.html
740	DP-MERF: Differentially Private Mean Embeddings with RandomFeatures for Practical Privacy-preserving Data Generation	http://proceedings.mlr.press/v130/harder21a.html
746	Fork or Fail: Cycle-Consistent Training with Many-to-One Mappings	http://proceedings.mlr.press/v130/guo21b.html
747	Sparse Gaussian Processes Revisited: Bayesian Approaches to Inducing-Variable Approximations	http://proceedings.mlr.press/v130/rossi21a.html
753	Free-rider Attacks on Model Aggregation in Federated Learning	http://proceedings.mlr.press/v130/fraboni21a.html
756	Reinforcement Learning in Parametric MDPs with Exponential Families	http://proceedings.mlr.press/v130/chowdhury21b.html
758	Thresholded Adaptive Validation: Tuning the Graphical Lasso for Graph Recovery	http://proceedings.mlr.press/v130/laszkiewicz21a.html
759	No-regret Algorithms for Multi-task Bayesian Optimization	http://proceedings.mlr.press/v130/chowdhury21c.html
773	Explicit Regularization of Stochastic Gradient Methods through Duality	http://proceedings.mlr.press/v130/raj21a.html
776	Noisy Gradient Descent Converges to Flat Minima for Nonconvex Matrix Factorization	http://proceedings.mlr.press/v130/liu21e.html
780	CONTRA: Contrarian statistics for controlled variable selection	http://proceedings.mlr.press/v130/sudarshan21a.html
783	Approximately Solving Mean Field Games via Entropy-Regularized Deep Reinforcement Learning	http://proceedings.mlr.press/v130/cui21a.html
788	Moment-Based Variational Inference for Stochastic Differential Equations	http://proceedings.mlr.press/v130/wildner21a.html
795	PClean: Bayesian Data Cleaning at Scale with Domain-Specific Probabilistic Programming	http://proceedings.mlr.press/v130/lew21a.html
796	Adaptive wavelet pooling for convolutional neural networks	http://proceedings.mlr.press/v130/wolter21a.html
799	The Minecraft Kernel: Modelling correlated Gaussian Processes in the Fourier domain	http://proceedings.mlr.press/v130/simpson21a.html
808	Exponential Convergence Rates of Classification Errors on Learning with SGD and Random Features	http://proceedings.mlr.press/v130/yashima21a.html
811	High-Dimensional Multi-Task Averaging and Application to Kernel Mean Embedding	http://proceedings.mlr.press/v130/marienwald21a.html
816	Counterfactual Representation Learning with Balancing Weights	http://proceedings.mlr.press/v130/assaad21a.html
821	Gradient Descent in RKHS with Importance Labeling	http://proceedings.mlr.press/v130/murata21a.html
823	Learning with Gradient Descent and Weakly Convex Losses	http://proceedings.mlr.press/v130/richards21a.html
835	Off-policy Evaluation in Infinite-Horizon Reinforcement Learning with Latent Confounders	http://proceedings.mlr.press/v130/bennett21a.html
865	Approximate Data Deletion from Machine Learning Models	http://proceedings.mlr.press/v130/izzo21a.html
867	Budgeted and Non-Budgeted Causal Bandits	http://proceedings.mlr.press/v130/nair21a.html
869	Stability and Differential Privacy of Stochastic Gradient Descent for Pairwise Learning with Non-Smooth Loss	http://proceedings.mlr.press/v130/yang21c.html
872	Equitable and Optimal Transport with Multiple Agents	http://proceedings.mlr.press/v130/scetbon21a.html
875	A Variational Inference Approach to Learning Multivariate Wold Processes	http://proceedings.mlr.press/v130/etesami21a.html
876	Active Online Learning with Hidden Shifting Domains	http://proceedings.mlr.press/v130/chen21d.html
880	No-Regret Algorithms for Private Gaussian Process Bandit Optimization	http://proceedings.mlr.press/v130/dubey21a.html
884	The Teaching Dimension of Kernel Perceptron	http://proceedings.mlr.press/v130/kumar21a.html
885	Quantum Tensor Networks, Stochastic Processes, and Weighted Automata	http://proceedings.mlr.press/v130/adhikary21a.html
889	Localizing Changes in High-Dimensional Regression Models	http://proceedings.mlr.press/v130/rinaldo21a.html
891	On the Suboptimality of Negative Momentum for Minimax Optimization	http://proceedings.mlr.press/v130/zhang21d.html
892	Neural Empirical Bayes: Source Distribution Estimation and its Applications to Simulation-Based Inference	http://proceedings.mlr.press/v130/vandegar21a.html
893	Corralling Stochastic Bandit Algorithms	http://proceedings.mlr.press/v130/arora21a.html
897	Context-Specific Likelihood Weighting	http://proceedings.mlr.press/v130/kumar21b.html
898	Learning Matching Representations for Individualized Organ Transplantation Allocation	http://proceedings.mlr.press/v130/xu21e.html
900	Stochastic Gradient Descent Meets Distribution Regression	http://proceedings.mlr.press/v130/muecke21a.html
904	Learning Contact Dynamics using Physically Structured Neural Networks	http://proceedings.mlr.press/v130/hochlehnert21a.html
908	Misspecification in Prediction Problems and Robustness via Improper Learning	http://proceedings.mlr.press/v130/marsden21a.html
915	Rate-improved inexact augmented Lagrangian method for constrained nonconvex optimization	http://proceedings.mlr.press/v130/li21d.html
918	Selective Classification via One-Sided Prediction	http://proceedings.mlr.press/v130/gangrade21a.html
920	Distributionally Robust Optimization for Deep Kernel Multiple Instance Learning	http://proceedings.mlr.press/v130/sapkota21a.html
923	vqSGD: Vector Quantized Stochastic Gradient Descent	http://proceedings.mlr.press/v130/gandikota21a.html
926	Smooth Bandit Optimization: Generalization to Holder Space	http://proceedings.mlr.press/v130/liu21f.html
927	List Learning with Attribute Noise	http://proceedings.mlr.press/v130/cheraghchi21a.html
940	High-Dimensional Feature Selection for Sample Efficient Treatment Effect Estimation	http://proceedings.mlr.press/v130/greenewald21a.html
942	Fractional moment-preserving initialization schemes for training deep neural networks	http://proceedings.mlr.press/v130/gurbuzbalaban21a.html
943	Inductive Mutual Information Estimation: A Convex Maximum-Entropy Copula Approach	http://proceedings.mlr.press/v130/samo21a.html
946	Federated f-Differential Privacy	http://proceedings.mlr.press/v130/zheng21a.html
950	Clustering multilayer graphs with missing nodes	http://proceedings.mlr.press/v130/braun21a.html
-1	Implicit Regularization via Neural Feature Alignment	http://proceedings.mlr.press/v130/baratin21a.html
954	Aggregating Incomplete and Noisy Rankings	http://proceedings.mlr.press/v130/fotakis21a.html
956	Quantifying the Privacy Risks of Learning High-Dimensional Graphical Models	http://proceedings.mlr.press/v130/murakonda21a.html
962	Optimal query complexity for private sequential learning against eavesdropping	http://proceedings.mlr.press/v130/xu21f.html
975	Mirrorless Mirror Descent: A Natural Derivation of Mirror Descent	http://proceedings.mlr.press/v130/gunasekar21a.html
977	Differentiable Causal Discovery Under Unmeasured Confounding	http://proceedings.mlr.press/v130/bhattacharya21a.html
987	The Sample Complexity of Meta Sparse Regression	http://proceedings.mlr.press/v130/wang21f.html
996	A Theory of Multiple-Source Adaptation with Limited Target Labeled Data	http://proceedings.mlr.press/v130/mansour21a.html
998	Group testing for connected communities	http://proceedings.mlr.press/v130/nikolopoulos21a.html
1000	Federated Learning with Compression: Unified Analysis and Sharp Guarantees	http://proceedings.mlr.press/v130/haddadpour21a.html
1001	Variational Autoencoder with Learned Latent Structure	http://proceedings.mlr.press/v130/connor21a.html
1003	RankDistil: Knowledge Distillation for Ranking	http://proceedings.mlr.press/v130/reddi21a.html
-1	Variational Selective Autoencoder: Learning from Partially-Observed Heterogeneous Data	http://proceedings.mlr.press/v130/gong21a.html
1025	On the Linear Convergence of Policy Gradient Methods for Finite MDPs	http://proceedings.mlr.press/v130/bhandari21a.html
1026	Minimal enumeration of all possible total effects in a Markov equivalence class	http://proceedings.mlr.press/v130/guo21c.html
1027	Differentially Private Weighted Sampling	http://proceedings.mlr.press/v130/cohen21b.html
1028	Learning the Truth From Only One Side of the Story	http://proceedings.mlr.press/v130/jiang21b.html
1032	Convergence of  Gaussian-smoothed optimal transport distance with sub-gamma distributions and  dependent samples	http://proceedings.mlr.press/v130/zhang21e.html
1039	Bayesian Inference with Certifiable Adversarial Robustness	http://proceedings.mlr.press/v130/wicker21a.html
1042	Hierarchical Clustering in General Metric Spaces using Approximate Nearest Neighbors	http://proceedings.mlr.press/v130/moseley21a.html
1043	Statistical Guarantees for Transformation Based Models with applications to Implicit Variational Inference	http://proceedings.mlr.press/v130/plummer21a.html
1044	Reinforcement Learning for Mean Field Games with Strategic Complementarities	http://proceedings.mlr.press/v130/lee21b.html
1050	Cluster Trellis: Data Structures & Algorithms for Exact Inference in Hierarchical Clustering	http://proceedings.mlr.press/v130/macaluso21a.html
1055	Beyond Marginal Uncertainty: How Accurately can Bayesian Regression Models Estimate Posterior Predictive Correlations?	http://proceedings.mlr.press/v130/wang21g.html
1058	On the Consistency of Metric and Non-Metric K-Medoids	http://proceedings.mlr.press/v130/jiang21c.html
1060	Non-Stationary Off-Policy Optimization	http://proceedings.mlr.press/v130/hong21a.html
1062	Efficient Interpolation of Density Estimators	http://proceedings.mlr.press/v130/turner21a.html
1063	A Statistical Perspective on Coreset Density Estimation	http://proceedings.mlr.press/v130/turner21b.html
1066	Shuffled Model of Differential Privacy in Federated Learning	http://proceedings.mlr.press/v130/girgis21a.html
1068	CLAR: Contrastive Learning of Auditory Representations	http://proceedings.mlr.press/v130/al-tahan21a.html
1069	Designing Transportable Experiments Under S-admissability	http://proceedings.mlr.press/v130/phan21a.html
1070	A Limited-Capacity Minimax Theorem for Non-Convex Games or: How I Learned to Stop Worrying about Mixed-Nash and Love Neural Nets	http://proceedings.mlr.press/v130/gidel21a.html
1071	Private optimization without constraint violations	http://proceedings.mlr.press/v130/munoz21a.html
1072	Direct Loss Minimization for Sparse Gaussian Processes	http://proceedings.mlr.press/v130/wei21b.html
1076	Convergence and Accuracy Trade-Offs in Federated Learning and Meta-Learning	http://proceedings.mlr.press/v130/charles21a.html
1078	Linear Models are Robust Optimal Under Strategic Behavior	http://proceedings.mlr.press/v130/tang21a.html
-1	Mat{\'e}rn Gaussian Processes on Graphs	http://proceedings.mlr.press/v130/borovitskiy21a.html
1086	Minimax Optimal Regression over Sobolev Spaces via Laplacian Regularization on Neighborhood Graphs	http://proceedings.mlr.press/v130/green21a.html
1087	Evaluating Model Robustness and Stability to Dataset Shift	http://proceedings.mlr.press/v130/subbaswamy21a.html
1090	Continuum-Armed Bandits: A Function Space Perspective	http://proceedings.mlr.press/v130/singh21a.html
1094	Regret-Optimal Filtering	http://proceedings.mlr.press/v130/sabag21a.html
1098	Evading the Curse of Dimensionality in Unconstrained Private GLMs	http://proceedings.mlr.press/v130/song21a.html
1105	One-Sketch-for-All: Non-linear Random Features from Compressed Linear Measurements	http://proceedings.mlr.press/v130/li21e.html
1107	Reinforcement Learning for Constrained Markov Decision Processes	http://proceedings.mlr.press/v130/gattami21a.html
1109	Principal Component Regression with Semirandom Observations via Matrix Completion	http://proceedings.mlr.press/v130/bhaskara21a.html
1112	Ridge Regression with Over-parametrized Two-Layer Networks Converge to Ridgelet Spectrum	http://proceedings.mlr.press/v130/sonoda21a.html
1115	Right Decisions from Wrong Predictions: A Mechanism Design Alternative to Individual Calibration	http://proceedings.mlr.press/v130/zhao21a.html
1116	Sample Elicitation	http://proceedings.mlr.press/v130/wei21c.html
1118	Random Coordinate Underdamped Langevin Monte Carlo	http://proceedings.mlr.press/v130/ding21a.html
1119	Influence Decompositions For Neural Network Attribution	http://proceedings.mlr.press/v130/reing21a.html
1120	Variational inference for nonlinear ordinary differential equations	http://proceedings.mlr.press/v130/ghosh21b.html
1130	Approximation Algorithms for Orthogonal Non-negative Matrix Factorization	http://proceedings.mlr.press/v130/charikar21a.html
1131	Fast Adaptation with Linearized Neural Networks	http://proceedings.mlr.press/v130/maddox21a.html
1134	Efficient Methods for Structured Nonconvex-Nonconcave Min-Max Optimization	http://proceedings.mlr.press/v130/diakonikolas21a.html
1137	A Change of Variables Method For Rectangular Matrix-Vector Products	http://proceedings.mlr.press/v130/cunningham21a.html
1139	Provably Eﬃcient Actor-Critic for Risk-Sensitive and Robust Adversarial RL: A Linear-Quadratic Case	http://proceedings.mlr.press/v130/zhang21f.html
1146	Fundamental Limits of Ridge-Regularized Empirical Risk Minimization in High Dimensions	http://proceedings.mlr.press/v130/taheri21a.html
1148	Bayesian Coresets: Revisiting the Nonconvex Optimization Perspective	http://proceedings.mlr.press/v130/zhang21g.html
1151	Causal Inference with Selectively Deconfounded Data	http://proceedings.mlr.press/v130/gan21a.html
1157	Animal pose estimation from video data with a hierarchical von Mises-Fisher-Gaussian model	http://proceedings.mlr.press/v130/zhang21h.html
1158	Mirror Descent View for Neural Network Quantization	http://proceedings.mlr.press/v130/ajanthan21a.html
1159	Power of Hints for Online Learning with Movement Costs	http://proceedings.mlr.press/v130/bhaskara21b.html
1165	Stochastic Bandits with Linear Constraints	http://proceedings.mlr.press/v130/pacchiano21a.html
1170	Significance of Gradient Information in Bayesian Optimization	http://proceedings.mlr.press/v130/shekhar21a.html
1178	Improving Adversarial Robustness via Unlabeled Out-of-Domain Data	http://proceedings.mlr.press/v130/deng21b.html
1186	DAG-Structured Clustering by Nearest Neighbors	http://proceedings.mlr.press/v130/monath21a.html
1192	Hindsight Expectation Maximization for Goal-conditioned Reinforcement Learning	http://proceedings.mlr.press/v130/tang21b.html
1194	Follow Your Star:  New Frameworks for Online Stochastic Matching with Known and Unknown Patience	http://proceedings.mlr.press/v130/grammel21a.html
1202	Location Trace Privacy Under Conditional Priors	http://proceedings.mlr.press/v130/meehan21a.html
1205	Large Scale K-Median Clustering for Stable Clustering Instances	http://proceedings.mlr.press/v130/voevodski21a.html
1210	An Optimal Reduction of TV-Denoising to Adaptive Online Learning	http://proceedings.mlr.press/v130/baby21a.html
1218	Differentially Private Monotone Submodular Maximization Under Matroid and Knapsack Constraints	http://proceedings.mlr.press/v130/sadeghi21a.html
1226	Federated Multi-armed Bandits with Personalization	http://proceedings.mlr.press/v130/shi21c.html
1230	Hierarchical Inducing Point Gaussian Process for Inter-domian Observations	http://proceedings.mlr.press/v130/wu21b.html
1231	Fast Statistical Leverage Score Approximation in Kernel Ridge Regression	http://proceedings.mlr.press/v130/chen21e.html
1233	Dual Principal Component Pursuit for Learning a Union of Hyperplanes: Theory and Algorithms	http://proceedings.mlr.press/v130/ding21b.html
1239	Accumulations of Projections—A Unified Framework for Random Sketches in Kernel Ridge Regression	http://proceedings.mlr.press/v130/chen21f.html
1240	Robust hypothesis testing and distribution estimation in Hellinger distance	http://proceedings.mlr.press/v130/suresh21a.html
1245	Faster Kernel Interpolation for Gaussian Processes	http://proceedings.mlr.press/v130/yadav21a.html
1246	SDF-Bayes: Cautious Optimism in Safe Dose-Finding Clinical Trials with Drug Combinations and Heterogeneous Patient Groups	http://proceedings.mlr.press/v130/lee21c.html
1257	Detection and Defense of Topological Adversarial Attacks on Graphs	http://proceedings.mlr.press/v130/zhang21i.html
1261	Training a Single Bandit Arm	http://proceedings.mlr.press/v130/ozbay21a.html
1263	Learning Infinite-horizon Average-reward MDPs with Linear Function Approximation	http://proceedings.mlr.press/v130/wei21d.html
1268	Multi-Armed Bandits with Cost Subsidy	http://proceedings.mlr.press/v130/sinha21a.html
1269	Causal Modeling with Stochastic Confounders	http://proceedings.mlr.press/v130/vo21a.html
1271	The Multiple Instance Learning Gaussian Process Probit Model	http://proceedings.mlr.press/v130/wang21h.html
1279	Beyond Perturbation Stability: LP Recovery Guarantees for MAP Inference on Noisy Stable Instances	http://proceedings.mlr.press/v130/lang21a.html
1287	Meta Learning in the Continuous Time Limit	http://proceedings.mlr.press/v130/xu21g.html
1291	Fast and Smooth Interpolation on Wasserstein Space	http://proceedings.mlr.press/v130/chewi21a.html
1299	Efficient Balanced Treatment Assignments for Experimentation	http://proceedings.mlr.press/v130/arbour21a.html
1301	Tensor Networks for Probabilistic Sequence Modeling	http://proceedings.mlr.press/v130/miller21a.html
1302	Experimental Design for Regret Minimization in Linear Bandits	http://proceedings.mlr.press/v130/wagenmaker21a.html
1308	DebiNet: Debiasing Linear Models with Nonlinear Overparameterized Neural Networks	http://proceedings.mlr.press/v130/xu21h.html
1310	Dynamic Cutset Networks	http://proceedings.mlr.press/v130/roy21a.html
1312	Associative Convolutional Layers	http://proceedings.mlr.press/v130/omidvar21a.html
1313	Variable Selection with Rigorous Uncertainty Quantification using Deep Bayesian Neural Networks: Posterior Concentration and Bernstein-von Mises Phenomenon	http://proceedings.mlr.press/v130/liu21g.html
1314	Kernel Interpolation for Scalable Online Gaussian Processes	http://proceedings.mlr.press/v130/stanton21a.html
1315	Nonlinear Projection Based Gradient Estimation for Query Efficient Blackbox Attacks	http://proceedings.mlr.press/v130/li21f.html
1319	Contrastive learning of strong-mixing continuous-time stochastic processes	http://proceedings.mlr.press/v130/liu21h.html
1321	TenIPS: Inverse Propensity Sampling for Tensor Completion	http://proceedings.mlr.press/v130/yang21d.html
1327	Sketch based Memory for Neural Networks	http://proceedings.mlr.press/v130/panigrahy21a.html
1329	Uniform Consistency of Cross-Validation Estimators for High-Dimensional Ridge Regression	http://proceedings.mlr.press/v130/patil21a.html
1332	A Dynamical View on Optimization Algorithms of Overparameterized Neural Networks	http://proceedings.mlr.press/v130/bu21a.html
1339	Semi-Supervised Aggregation of Dependent Weak Supervision Sources With Performance Guarantees	http://proceedings.mlr.press/v130/mazzetto21a.html
1342	Principal Subspace Estimation Under Information Diffusion	http://proceedings.mlr.press/v130/zhou21c.html
1350	A Hybrid Approximation to the Marginal Likelihood	http://proceedings.mlr.press/v130/chuu21a.html
1359	Prediction with Finitely many Errors Almost Surely	http://proceedings.mlr.press/v130/wu21c.html
1362	Density of States Estimation for Out of Distribution Detection	http://proceedings.mlr.press/v130/morningstar21a.html
1365	Product Manifold Learning	http://proceedings.mlr.press/v130/zhang21j.html
1366	Automatic Differentiation Variational Inference with Mixtures	http://proceedings.mlr.press/v130/morningstar21b.html
1369	Fair for All: Best-effort Fairness Guarantees for Classification	http://proceedings.mlr.press/v130/krishnaswamy21a.html
1371	Taming heavy-tailed features by shrinkage	http://proceedings.mlr.press/v130/zhu21c.html
1374	Efficient Designs Of SLOPE Penalty Sequences In Finite Dimension	http://proceedings.mlr.press/v130/zhang21k.html
1388	Comparing the Value of Labeled and Unlabeled Data in Method-of-Moments Latent Variable Estimation	http://proceedings.mlr.press/v130/chen21g.html
1394	Homeomorphic-Invariance of EM: Non-Asymptotic Convergence in KL Divergence for Exponential Families via Mirror Descent	http://proceedings.mlr.press/v130/kunstner21a.html
1396	Provably Efficient Safe Exploration via Primal-Dual Policy Optimization	http://proceedings.mlr.press/v130/ding21c.html
1400	Understanding Robustness in Teacher-Student Setting: A New Perspective	http://proceedings.mlr.press/v130/yang21e.html
1401	Non-asymptotic Performance Guarantees for Neural Estimation of f-Divergences	http://proceedings.mlr.press/v130/sreekumar21a.html
1408	Finite-Sample Regret Bound for Distributionally Robust Offline Tabular Reinforcement Learning	http://proceedings.mlr.press/v130/zhou21d.html
1415	Online Model Selection for Reinforcement Learning with Function Approximation	http://proceedings.mlr.press/v130/lee21d.html
1427	Sampling in Combinatorial Spaces with SurVAE Flow Augmented MCMC	http://proceedings.mlr.press/v130/jaini21a.html
1428	Tight Differential Privacy for Discrete-Valued Mechanisms and for the Subsampled Gaussian Mechanism Using FFT	http://proceedings.mlr.press/v130/koskela21a.html
1429	A Parameter-Free Algorithm for Misspecified Linear Contextual Bandits	http://proceedings.mlr.press/v130/takemura21a.html
1436	Good Classifiers are Abundant in the Interpolating Regime	http://proceedings.mlr.press/v130/theisen21a.html
1445	No-Regret Reinforcement Learning with Heavy-Tailed Rewards	http://proceedings.mlr.press/v130/zhuang21a.html
1467	A Spectral Analysis of Dot-product Kernels	http://proceedings.mlr.press/v130/scetbon21b.html
1476	Towards Flexible Device Participation in Federated Learning	http://proceedings.mlr.press/v130/ruan21a.html
1483	Active Learning under Label Shift	http://proceedings.mlr.press/v130/zhao21b.html
1490	Tracking Regret Bounds for Online Submodular Optimization	http://proceedings.mlr.press/v130/matsuoka21a.html
1495	Offline detection of change-points in the mean for stationary graph signals.	http://proceedings.mlr.press/v130/duarte21a.html
1497	Hyperbolic graph embedding with enhanced semi-implicit variational inference.	http://proceedings.mlr.press/v130/rezaabad21a.html
1500	Rao-Blackwellised parallel MCMC	http://proceedings.mlr.press/v130/schwedes21a.html
1503	Improving KernelSHAP: Practical Shapley Value Estimation Using Linear Regression	http://proceedings.mlr.press/v130/covert21a.html
1508	Calibrated Adaptive Probabilistic ODE Solvers	http://proceedings.mlr.press/v130/bosch21a.html
1511	Online Robust Control of Nonlinear Systems with Large Uncertainty	http://proceedings.mlr.press/v130/ho21a.html
1515	Probabilistic Sequential Matrix Factorization	http://proceedings.mlr.press/v130/akyildiz21a.html
1520	An Analysis of LIME for Text Data	http://proceedings.mlr.press/v130/mardaoui21a.html
1523	Wyner-Ziv Estimators: Efficient Distributed Mean Estimation with Side-Information	http://proceedings.mlr.press/v130/mayekar21a.html
1530	Scalable Gaussian Process Variational Autoencoders	http://proceedings.mlr.press/v130/jazbec21a.html
1545	Causal Autoregressive Flows	http://proceedings.mlr.press/v130/khemakhem21a.html
1546	Explore the Context: Optimal Data Collection for Context-Conditional Dynamics Models	http://proceedings.mlr.press/v130/achterhold21a.html
1548	A Kernel-Based Approach to Non-Stationary Reinforcement Learning in Metric Spaces	http://proceedings.mlr.press/v130/domingues21a.html
1555	Spectral Tensor Train Parameterization of Deep Learning Layers	http://proceedings.mlr.press/v130/obukhov21a.html
1557	Local SGD: Unified Theory and New Efficient Methods	http://proceedings.mlr.press/v130/gorbunov21a.html
1558	Towards a Theoretical Understanding of the Robustness of Variational Autoencoders	http://proceedings.mlr.press/v130/camuto21a.html
1563	Learn to Expect the Unexpected: Probably Approximately Correct Domain Generalization	http://proceedings.mlr.press/v130/garg21a.html
1565	The Base Measure Problem and its Solution	http://proceedings.mlr.press/v130/radul21a.html
1566	Revisiting Projection-free Online Learning: the Strongly Convex Case	http://proceedings.mlr.press/v130/kretzu21a.html
1581	A Theoretical Characterization of Semi-supervised Learning with Self-training for Gaussian Mixture Models	http://proceedings.mlr.press/v130/oymak21a.html
1582	Logistic Q-Learning	http://proceedings.mlr.press/v130/serrano21a.html
1583	Graph Community Detection from Coarse Measurements: Recovery Conditions for the Coarsened Weighted Stochastic Block Model	http://proceedings.mlr.press/v130/ghoroghchian21a.html
1584	Sequential Random Sampling Revisited: Hidden Shuffle Method	http://proceedings.mlr.press/v130/shekelyan21a.html
1587	Dirichlet Pruning for Convolutional Neural Networks	http://proceedings.mlr.press/v130/adamczewski21a.html
1589	Couplings for Multinomial Hamiltonian Monte Carlo	http://proceedings.mlr.press/v130/xu21i.html
1598	Learning Bijective Feature Maps for Linear ICA	http://proceedings.mlr.press/v130/camuto21b.html
1601	Diagnostic Uncertainty Calibration: Towards Reliable Machine Predictions in Medical Domain	http://proceedings.mlr.press/v130/mimori21a.html
1609	One-pass Stochastic Gradient Descent in overparametrized two-layer neural networks	http://proceedings.mlr.press/v130/zhu21d.html
1618	On the Memory Mechanism of Tensor-Power Recurrent Models	http://proceedings.mlr.press/v130/qiu21a.html
1619	Instance-Wise Minimax-Optimal Algorithms for Logistic Bandits	http://proceedings.mlr.press/v130/abeille21a.html
1628	Causal Inference under Networked Interference and Intervention Policy Enhancement	http://proceedings.mlr.press/v130/ma21c.html
1630	GANs with Conditional Independence Graphs: On Subadditivity of Probability Divergences	http://proceedings.mlr.press/v130/ding21d.html
1635	Latent Gaussian process with composite likelihoods and numerical quadrature	http://proceedings.mlr.press/v130/ramchandran21a.html
1636	Deep Generative Missingness Pattern-Set Mixture Models	http://proceedings.mlr.press/v130/ghalebikesabi21a.html
1637	Minimax Estimation of Laplacian Constrained Precision Matrices	http://proceedings.mlr.press/v130/ying21a.html
1652	A Scalable Gradient Free Method for Bayesian Experimental Design with Implicit Models	http://proceedings.mlr.press/v130/zhang21l.html
1659	Distribution Regression for Sequential Data	http://proceedings.mlr.press/v130/lemercier21a.html
-1	Completing the Picture: Randomized Smoothing Suffers from the Curse of Dimensionality for a Large Family of Distributions	http://proceedings.mlr.press/v130/wu21d.html
1666	Direct-Search for a Class of Stochastic Min-Max Problems	http://proceedings.mlr.press/v130/anagnostidis21a.html
1668	Self-Supervised Steering Angle Prediction for Vehicle Control Using Visual Odometry	http://proceedings.mlr.press/v130/khan21a.html
1671	Learning Temporal Point Processes with Intermittent Observations	http://proceedings.mlr.press/v130/gupta21a.html
1676	On the number of linear functions composing deep neural network: Towards a refined definition of neural networks complexity	http://proceedings.mlr.press/v130/takai21a.html
1677	Robust Learning under Strong Noise via SQs	http://proceedings.mlr.press/v130/anagnostides21a.html
1682	Recovery Guarantees for Kernel-based Clustering under Non-parametric Mixture Models	http://proceedings.mlr.press/v130/vankadara21a.html
1689	Convergence Properties of Stochastic Hypergradients	http://proceedings.mlr.press/v130/grazzi21a.html
1691	Entropy Partial Transport with Tree Metrics: Theory and Practice	http://proceedings.mlr.press/v130/le21a.html
1694	Combinatorial Gaussian Process Bandits with Probabilistically Triggered Arms	http://proceedings.mlr.press/v130/demirel21a.html
1699	Differentiable Divergences Between Time Series	http://proceedings.mlr.press/v130/blondel21a.html
1705	Local Competition and Stochasticity for Adversarial Robustness in Deep Learning	http://proceedings.mlr.press/v130/panousis21a.html
1717	Differentiating the Value Function by using Convex Duality	http://proceedings.mlr.press/v130/mehmood21a.html
1736	Rate-Regularization and Generalization in Variational Autoencoders	http://proceedings.mlr.press/v130/bozkurt21a.html
1738	Asymptotics of Ridge(less) Regression under General Source Condition	http://proceedings.mlr.press/v130/richards21b.html
1741	Longitudinal Variational Autoencoder	http://proceedings.mlr.press/v130/ramchandran21b.html
1742	An Adaptive-MCMC Scheme for Setting Trajectory Lengths in Hamiltonian Monte Carlo	http://proceedings.mlr.press/v130/hoffman21a.html
1743	Model updating after interventions paradoxically introduces bias	http://proceedings.mlr.press/v130/liley21a.html
1744	On Multilevel Monte Carlo Unbiased Gradient Estimation for Deep Latent Variable Models	http://proceedings.mlr.press/v130/shi21d.html
1753	Flow-based Alignment Approaches for Probability Measures in Different Spaces	http://proceedings.mlr.press/v130/le21b.html
1772	LENA: Communication-Efficient Distributed Learning with Self-Triggered Gradient Uploads	http://proceedings.mlr.press/v130/ghadikolaei21a.html
1777	Learning Shared Subgraphs in Ising Model Pairs	http://proceedings.mlr.press/v130/varici21a.html
1780	Faster & More Reliable Tuning of Neural Networks: Bayesian Optimization with Importance Sampling	http://proceedings.mlr.press/v130/ariafar21a.html
1782	Bayesian Active Learning by Soft Mean Objective Cost of Uncertainty	http://proceedings.mlr.press/v130/zhao21c.html
1784	Revisiting the Role of Euler Numerical Integration on Acceleration and Stability in Convex Optimization	http://proceedings.mlr.press/v130/zhang21m.html
1787	Improved Exploration in Factored Average-Reward MDPs	http://proceedings.mlr.press/v130/talebi21a.html
1788	Toward a General Theory of Online Selective Sampling: Trading Off Mistakes and Queries	http://proceedings.mlr.press/v130/hanneke21a.html
1789	Regularized ERM on random subspaces	http://proceedings.mlr.press/v130/vecchia21a.html
1805	On the Importance of Hyperparameter Optimization for Model-based Reinforcement Learning	http://proceedings.mlr.press/v130/zhang21n.html
1806	Meta-Learning Divergences for Variational Inference	http://proceedings.mlr.press/v130/zhang21o.html
1809	Hidden Cost of Randomized Smoothing	http://proceedings.mlr.press/v130/mohapatra21a.html
1814	Critical Parameters for Scalable Distributed Learning with Large Batches and Asynchronous Updates	http://proceedings.mlr.press/v130/stich21a.html
1815	Improving Classifier Confidence using Lossy Label-Invariant Transformations	http://proceedings.mlr.press/v130/jang21a.html
1825	Graph Gamma Process Linear Dynamical Systems	http://proceedings.mlr.press/v130/kalantari21a.html
1844	Does Invariant Risk Minimization Capture Invariance?	http://proceedings.mlr.press/v130/kamath21a.html
1857	A unified view of likelihood ratio and reparameterization gradients	http://proceedings.mlr.press/v130/parmas21a.html
1861	A Linearly Convergent Algorithm for Decentralized Optimization: Sending Less Bits for Free!	http://proceedings.mlr.press/v130/kovalev21a.html
